{"cameraMode":{"drawMode":0,"name":"Shaded","section":"Shading Mode"},"sceneLighting":false,"audioPlay":false,"sceneViewState":{"showFog":true,"showMaterialUpdate":false,"showSkybox":false,"showFlares":true,"showImageEffects":true,"showParticleSystems":true},"in2DMode":false,"pivot":{"x":353.7514953613281,"y":9.261064529418946,"z":-34.53626251220703},"rotation":{"x":-0.6424599885940552,"y":-0.012184971012175084,"z":0.010217581875622273,"w":-0.7661544680595398},"size":38.43074417114258,"orthographic":false}